Sourness;Fruitiness;Sweetness;Saltiness;Preservatives;Alcohol%;Quality
7.4;0.0;1.9;0.076;34.0;9.4;0
7.8;0.0;2.6;0.098;67.0;9.8;0
7.8;0.04;2.3;0.092;54.0;9.8;0
11.2;0.56;1.9;0.075;60.0;9.8;1
7.4;0.0;1.9;0.076;34.0;9.4;0
7.4;0.0;1.8;0.075;40.0;9.4;0
7.9;0.06;1.6;0.069;59.0;9.4;0
7.3;0.0;1.2;0.065;21.0;10.0;1
7.8;0.02;2.0;0.073;18.0;9.5;1
7.5;0.36;6.1;0.071;102.0;10.5;0
6.7;0.08;1.8;0.097;65.0;9.2;0
7.5;0.36;6.1;0.071;102.0;10.5;0
5.6;0.0;1.6;0.089;59.0;9.9;0
7.8;0.29;1.6;0.114;29.0;9.1;0
8.9;0.18;3.8;0.176;145.0;9.2;0
8.9;0.19;3.9;0.17;148.0;9.2;0
8.5;0.56;1.8;0.092;103.0;10.5;1
8.1;0.28;1.7;0.368;56.0;9.3;0
7.4;0.08;4.4;0.086;29.0;9.0;0
7.9;0.51;1.8;0.341;56.0;9.2;1
8.9;0.48;1.8;0.077;60.0;9.4;1
7.6;0.31;2.3;0.082;71.0;9.7;0
7.9;0.21;1.6;0.106;37.0;9.5;0
8.5;0.11;2.3;0.084;67.0;9.4;0
6.9;0.14;2.4;0.085;40.0;9.7;1
6.3;0.16;1.4;0.08;23.0;9.3;0
7.6;0.24;1.8;0.08;11.0;9.5;0
7.9;0.21;1.6;0.106;37.0;9.5;0
7.1;0.0;1.9;0.08;35.0;9.4;0
7.8;0.0;2.0;0.082;16.0;9.8;1
6.7;0.07;2.4;0.089;82.0;10.1;0
6.9;0.0;2.5;0.105;37.0;10.6;1
8.3;0.12;2.3;0.083;113.0;9.8;0
6.9;0.12;10.7;0.073;83.0;9.4;1
5.2;0.25;1.8;0.103;50.0;9.2;0
7.8;0.0;5.5;0.086;18.0;9.6;1
7.8;0.14;2.4;0.086;15.0;10.8;1
8.1;0.28;2.1;0.066;30.0;9.7;1
5.7;0.09;1.5;0.172;19.0;9.8;0
7.3;0.36;5.9;0.074;87.0;10.5;0
7.3;0.36;5.9;0.074;87.0;10.5;0
8.8;0.3;2.8;0.088;46.0;9.3;0
7.5;0.2;2.6;0.332;14.0;10.5;1
8.1;0.22;2.2;0.069;23.0;10.3;0
6.8;0.02;1.8;0.05;11.0;9.5;0
4.6;0.15;2.1;0.054;65.0;13.1;0
7.7;0.43;2.2;0.114;114.0;9.2;0
8.7;0.52;1.6;0.113;37.0;9.5;0
6.4;0.23;1.6;0.066;12.0;9.2;0
5.6;0.37;1.4;0.074;96.0;9.2;0
8.8;0.26;1.7;0.074;23.0;9.2;0
6.6;0.04;2.2;0.069;15.0;9.4;1
6.6;0.04;2.1;0.068;14.0;9.4;1
8.6;0.36;3.0;0.081;119.0;9.4;0
7.6;0.15;2.8;0.11;73.0;10.2;1
7.7;0.04;3.8;0.084;45.0;9.5;0
10.2;0.57;3.4;0.07;10.0;9.6;0
7.5;0.12;5.1;0.111;110.0;9.4;0
7.8;0.18;2.3;0.076;54.0;10.0;0
7.3;0.31;2.4;0.074;46.0;9.4;1
8.8;0.4;2.2;0.079;52.0;9.2;0
7.7;0.49;1.8;0.115;112.0;9.3;0
7.5;0.16;1.9;0.085;35.0;9.5;1
7.0;0.05;2.0;0.081;54.0;9.8;0
7.2;0.05;4.65;0.086;11.0;10.9;0
7.2;0.05;4.65;0.086;11.0;10.9;0
7.5;0.11;1.5;0.079;39.0;9.6;0
6.6;0.07;1.6;0.076;15.0;10.7;0
9.3;0.57;2.0;0.074;65.0;10.7;0
8.0;0.05;1.9;0.074;19.0;10.5;1
7.7;0.08;1.9;0.076;27.0;9.5;1
7.7;0.23;2.1;0.088;96.0;9.5;0
7.7;0.22;1.9;0.084;94.0;9.5;0
8.3;0.26;2.1;0.084;43.0;9.2;0
9.7;0.54;2.5;0.094;83.0;9.6;0
8.8;0.64;2.2;0.093;42.0;10.5;0
8.8;0.64;2.2;0.093;42.0;10.5;0
6.8;0.0;2.4;0.104;30.0;10.7;1
6.7;0.12;2.0;0.086;80.0;10.1;0
8.3;0.2;1.5;0.08;119.0;9.1;0
6.2;0.2;1.6;0.069;15.0;9.2;0
7.8;0.7;1.9;0.464;67.0;9.4;0
7.4;0.47;2.0;0.086;73.0;9.1;0
7.3;0.26;1.8;0.401;51.0;9.4;0
6.3;0.48;1.8;0.069;61.0;10.3;1
6.9;0.15;2.2;0.076;40.0;10.1;0
8.6;0.28;1.9;0.11;136.0;9.9;1
7.7;0.26;1.9;0.062;31.0;9.6;0
9.3;0.44;2.1;0.107;125.0;9.5;0
7.0;0.08;1.8;0.076;24.0;9.0;0
7.9;0.26;1.9;0.079;140.0;9.5;0
8.6;0.28;1.9;0.11;136.0;9.9;1
8.6;0.29;2.0;0.11;133.0;9.8;0
7.7;0.26;1.9;0.062;31.0;9.6;0
5.0;0.04;1.4;0.045;85.0;10.5;0
4.7;0.17;2.3;0.058;106.0;12.9;1
6.8;0.0;3.0;0.102;23.0;10.7;0
7.0;0.25;2.0;0.07;22.0;9.2;0
7.6;0.06;2.5;0.079;10.0;9.8;0
8.1;0.18;1.9;0.08;35.0;9.0;1
8.3;0.3;2.1;0.084;50.0;10.2;1
7.8;0.3;1.9;0.075;22.0;10.4;1
8.1;0.18;1.9;0.08;35.0;9.0;1
8.1;0.22;2.1;0.077;65.0;9.2;0
7.2;0.24;2.2;0.07;36.0;9.4;0
8.1;0.22;2.1;0.077;65.0;9.2;0
7.8;0.68;1.7;0.467;69.0;9.3;0
6.2;0.31;1.7;0.088;64.0;9.3;0
8.0;0.53;2.5;0.091;80.0;9.6;1
8.1;0.52;2.0;0.122;153.0;9.3;0
7.8;0.19;1.8;0.104;47.0;9.5;0
8.4;0.09;2.2;0.084;108.0;9.8;0
8.4;0.1;2.2;0.085;111.0;9.8;0
10.1;0.44;2.3;0.08;46.0;9.7;1
7.8;0.19;1.8;0.104;47.0;9.5;0
9.4;0.31;2.2;0.09;62.0;10.5;1
8.3;0.28;1.9;0.077;40.0;10.0;1
7.8;0.12;2.0;0.082;28.0;9.4;1
8.8;0.04;2.2;0.119;56.0;10.9;1
7.0;0.08;1.8;0.097;89.0;9.2;1
7.3;0.09;1.7;0.178;89.0;9.0;0
8.8;0.04;2.2;0.119;56.0;10.9;1
7.3;0.0;2.5;0.075;13.0;9.2;0
8.0;0.0;2.6;0.08;34.0;9.5;0
7.8;0.17;1.6;0.082;102.0;9.5;0
9.0;0.04;1.9;0.146;90.0;9.4;0
8.2;0.0;1.7;0.081;12.0;10.9;0
8.1;0.0;1.8;0.082;12.0;10.9;0
8.0;0.16;1.8;0.065;16.0;10.5;1
6.1;0.15;1.8;0.072;19.0;9.4;0
8.0;0.56;2.0;0.118;134.0;9.4;0
5.6;0.09;2.3;0.049;99.0;13.0;0
5.6;0.09;2.3;0.049;99.0;13.0;0
6.6;0.01;1.5;0.06;26.0;9.8;1
7.9;0.05;2.2;0.084;29.0;9.9;1
8.4;0.11;1.9;0.09;63.0;9.6;0
8.3;0.15;1.8;0.089;52.0;9.5;0
7.2;0.36;2.0;0.081;45.0;9.2;0
7.8;0.19;2.1;0.081;105.0;9.5;0
7.8;0.19;2.0;0.081;108.0;9.5;0
8.4;0.11;1.9;0.09;63.0;9.6;0
8.3;0.15;1.8;0.089;52.0;9.5;0
5.2;0.0;1.8;0.05;63.0;14.0;1
6.3;0.08;1.7;0.066;20.0;9.4;0
5.2;0.0;1.8;0.05;63.0;14.0;1
8.1;0.55;1.8;0.117;141.0;9.4;0
5.8;0.02;1.8;0.087;94.0;10.0;0
7.6;0.26;1.6;0.236;88.0;9.3;0
6.9;0.1;2.3;0.074;30.0;10.2;1
8.2;0.44;2.8;0.089;43.0;10.5;1
7.3;0.47;2.1;0.077;11.0;10.3;1
9.2;1.0;3.4;0.61;69.0;9.4;0
7.5;0.03;1.8;0.095;99.0;10.1;0
7.5;0.03;1.8;0.095;99.0;10.1;0
7.1;0.42;5.5;0.07;129.0;10.5;0
7.1;0.42;5.5;0.071;128.0;10.5;0
7.1;0.42;5.5;0.07;129.0;10.5;0
7.1;0.42;5.5;0.071;128.0;10.5;0
7.1;0.0;2.2;0.073;22.0;9.3;0
6.8;0.18;1.9;0.079;86.0;9.3;1
7.6;0.03;2.0;0.09;20.0;9.6;0
7.6;0.02;1.3;0.072;20.0;9.2;0
7.8;0.04;1.7;0.076;31.0;10.0;1
7.4;0.26;7.3;0.07;121.0;9.4;0
7.3;0.26;7.2;0.07;121.0;9.4;0
7.8;0.48;1.7;0.1;96.0;9.5;0
6.8;0.1;2.1;0.085;101.0;10.2;0
7.3;0.03;1.6;0.072;42.0;9.0;0
6.8;0.07;2.1;0.089;44.0;10.4;1
7.5;0.24;1.8;0.36;63.0;9.5;0
7.9;0.03;1.8;0.058;8.0;9.1;0
8.0;0.17;2.0;0.073;18.0;9.2;1
8.0;0.17;2.0;0.073;18.0;9.2;1
7.4;0.05;1.9;0.068;42.0;11.5;1
7.3;0.21;2.0;0.08;35.0;9.5;0
6.9;0.04;1.5;0.085;49.0;9.5;0
7.3;0.21;2.0;0.08;35.0;9.5;0
7.5;0.42;2.3;0.087;38.0;10.5;1
7.0;0.0;2.5;0.068;20.0;9.6;0
8.8;0.14;2.4;0.067;42.0;9.5;0
8.8;0.14;2.4;0.067;42.0;9.5;0
8.9;0.49;2.0;0.27;110.0;9.3;0
7.2;0.02;2.5;0.076;42.0;9.3;0
6.8;0.2;1.8;0.077;65.0;9.3;0
6.7;0.21;1.9;0.079;62.0;9.3;1
8.9;0.57;2.0;0.111;85.0;9.7;0
7.4;0.48;2.0;0.082;67.0;9.2;0
7.7;0.1;2.6;0.084;26.0;9.7;0
7.9;0.33;2.0;0.084;143.0;9.5;0
7.9;0.32;1.9;0.082;144.0;9.5;0
8.2;0.35;2.9;0.077;127.0;9.4;0
6.4;0.25;1.9;0.074;49.0;9.8;1
6.8;0.12;3.8;0.099;126.0;9.5;0
7.6;0.21;2.2;0.071;28.0;9.7;0
7.6;0.21;2.2;0.071;28.0;9.7;0
7.8;0.33;2.0;0.074;120.0;9.4;0
7.3;0.3;2.4;0.074;55.0;10.2;0
11.5;0.6;2.0;0.067;27.0;10.1;1
5.4;0.08;1.2;0.046;93.0;13.0;1
6.9;0.06;2.1;0.061;31.0;11.4;0
9.6;0.47;1.4;0.056;24.0;10.3;1
8.8;0.48;2.1;0.097;145.0;9.3;0
6.8;0.11;1.5;0.075;49.0;9.5;0
7.0;0.35;1.6;0.088;39.0;9.2;0
7.0;0.36;1.6;0.089;37.0;9.2;1
12.8;0.74;2.6;0.095;28.0;10.8;1
12.8;0.74;2.6;0.095;28.0;10.8;1
7.8;0.31;1.8;0.069;120.0;9.3;0
7.8;0.28;2.7;0.1;95.0;9.4;0
11.0;0.58;2.1;0.054;19.0;10.5;1
9.7;0.6;2.0;0.039;19.0;12.4;1
8.0;0.24;2.8;0.083;62.0;10.0;1
11.6;0.64;2.1;0.059;15.0;10.2;1
8.2;0.26;2.2;0.06;65.0;10.1;0
7.8;0.08;2.4;0.092;41.0;9.8;1
7.0;0.49;5.6;0.06;121.0;10.5;0
8.7;0.16;2.0;0.101;49.0;11.0;0
8.1;0.22;2.2;0.072;41.0;9.1;0
7.5;0.19;1.9;0.076;44.0;9.7;0
7.8;0.33;2.4;0.08;144.0;9.5;0
7.8;0.37;2.0;0.082;58.0;9.4;1
7.4;0.26;2.0;0.101;72.0;9.4;0
6.8;0.04;1.5;0.057;10.0;9.5;0
8.6;0.25;2.0;0.083;28.0;10.0;1
8.4;0.36;2.0;0.089;55.0;10.4;0
7.7;0.25;2.6;0.073;63.0;10.5;1
8.9;0.5;2.0;0.337;81.0;9.5;1
9.0;0.14;2.6;0.089;23.0;9.8;0
7.7;0.25;2.6;0.073;63.0;10.5;1
6.9;0.25;2.6;0.081;37.0;11.0;0
5.2;0.04;1.6;0.054;106.0;12.2;1
8.0;0.06;1.8;0.078;49.0;9.9;1
8.5;0.2;2.8;0.09;58.0;9.6;1
6.9;0.25;2.6;0.081;37.0;11.0;0
8.2;0.09;2.3;0.065;37.0;9.0;1
7.2;0.0;1.9;0.097;38.0;9.0;1
7.2;0.0;1.9;0.097;38.0;9.0;1
7.2;0.0;1.9;0.097;39.0;9.2;1
7.2;0.0;1.9;0.097;38.0;9.0;1
8.2;0.09;2.3;0.065;37.0;9.0;1
8.9;0.37;1.7;0.263;62.0;9.3;0
12.0;0.56;2.1;0.093;24.0;10.9;1
7.7;0.1;1.8;0.102;109.0;9.8;1
15.0;0.44;2.2;0.075;24.0;9.2;1
15.0;0.44;2.2;0.075;24.0;9.2;1
7.3;0.0;2.0;0.084;23.0;9.9;1
7.1;0.07;1.9;0.075;51.0;9.5;0
8.2;0.17;2.3;0.072;73.0;9.3;0
7.7;0.06;1.7;0.074;39.0;9.8;1
7.3;0.0;2.0;0.084;23.0;9.9;1
10.8;0.44;1.6;0.063;37.0;10.0;1
7.1;0.0;1.8;0.074;34.0;9.9;1
11.1;0.48;3.1;0.09;21.0;10.5;0
7.7;0.42;1.9;0.092;86.0;9.5;0
7.1;0.0;1.8;0.074;34.0;9.9;1
8.0;0.23;3.2;0.073;119.0;9.3;0
9.4;0.37;2.2;0.075;13.0;9.2;0
6.6;0.0;2.1;0.075;56.0;9.2;0
7.7;0.76;1.8;0.611;45.0;9.4;0
10.0;0.47;2.6;0.085;33.0;10.5;1
7.9;0.23;1.7;0.077;45.0;9.3;0
7.0;0.04;2.0;0.087;67.0;9.4;0
8.0;0.03;1.7;0.07;35.0;10.0;0
7.9;0.23;1.8;0.077;49.0;9.3;0
12.5;0.49;2.4;0.064;27.0;10.9;0
11.8;0.52;1.8;0.071;10.0;10.2;1
8.1;0.0;3.3;0.096;61.0;9.8;0
7.9;0.46;3.6;0.078;37.0;12.8;1
6.9;0.04;3.0;0.077;27.0;9.4;1
11.5;0.51;4.0;0.104;23.0;10.1;1
7.9;0.06;4.0;0.087;61.0;10.7;1
11.5;0.51;4.0;0.104;23.0;10.1;1
10.9;0.58;4.0;0.071;65.0;10.1;0
8.4;0.2;2.4;0.076;38.0;9.4;0
7.5;0.18;7.0;0.088;94.0;9.4;0
7.9;0.06;4.0;0.087;61.0;10.7;1
6.9;0.04;3.0;0.077;27.0;9.4;1
11.5;0.51;4.0;0.104;23.0;10.1;1
10.3;0.45;6.4;0.073;13.0;12.6;1
8.9;0.32;5.6;0.087;47.0;10.5;1
11.4;0.44;3.6;0.071;19.0;9.3;1
7.7;0.68;3.5;0.358;10.0;9.9;1
7.6;0.12;3.0;0.067;53.0;9.1;0
8.9;0.32;5.6;0.087;47.0;10.5;1
9.9;0.07;3.4;0.102;71.0;9.8;0
9.9;0.07;3.4;0.102;71.0;9.8;0
12.0;0.55;2.0;0.073;49.0;10.3;1
7.5;0.12;3.0;0.092;53.0;10.3;1
8.7;0.09;2.5;0.091;49.0;10.6;1
11.6;0.53;3.3;0.105;98.0;9.2;0
8.7;0.09;2.5;0.091;49.0;10.6;1
11.0;0.48;2.0;0.343;18.0;10.5;0
10.4;0.23;2.7;0.091;48.0;10.3;1
6.9;0.25;2.4;0.098;16.0;10.1;1
13.3;0.52;3.2;0.094;53.0;9.5;1
10.8;0.46;2.5;0.073;27.0;9.5;0
10.6;0.37;2.6;0.086;70.0;9.9;0
7.1;0.06;2.0;0.083;29.0;9.6;0
7.2;0.02;2.3;0.094;31.0;9.7;0
6.9;0.06;2.1;0.08;33.0;9.6;0
7.5;0.06;2.6;0.086;44.0;10.7;1
11.1;0.48;1.5;0.068;15.0;10.1;1
8.3;0.12;2.6;0.092;28.0;10.0;0
7.4;0.12;1.6;0.186;21.0;9.5;0
8.4;0.6;2.1;0.112;90.0;9.2;0
10.3;0.48;2.5;0.063;25.0;9.3;1
7.6;0.32;2.2;0.082;54.0;9.4;0
10.3;0.42;2.4;0.213;14.0;9.5;1
10.3;0.44;2.4;0.214;12.0;9.5;1
7.4;0.38;1.7;0.062;30.0;9.5;1
10.3;0.48;2.5;0.063;25.0;9.3;1
7.9;0.24;2.0;0.072;105.0;9.4;1
9.0;0.31;2.8;0.093;98.0;9.5;1
8.6;0.3;3.0;0.076;135.0;9.4;0
7.4;0.29;2.6;0.087;72.0;11.0;0
7.1;0.29;2.5;0.096;53.0;11.0;1
9.6;0.23;3.4;0.102;92.0;10.1;0
9.6;0.12;2.9;0.082;74.0;10.4;1
9.8;0.39;3.2;0.083;59.0;11.5;1
9.6;0.12;2.9;0.082;74.0;10.4;1
9.8;0.39;3.2;0.083;59.0;11.5;1
9.3;0.26;3.4;0.09;87.0;9.7;0
7.8;0.05;2.3;0.079;18.0;9.3;0
10.3;0.42;2.8;0.09;73.0;9.5;1
10.0;0.2;11.0;0.071;50.0;9.2;1
10.0;0.2;11.0;0.071;50.0;9.2;1
11.6;0.66;3.65;0.121;14.0;11.5;1
10.3;0.5;4.5;0.107;13.0;11.5;0
13.4;0.62;2.6;0.082;21.0;9.7;1
10.7;0.39;2.0;0.061;15.0;9.5;0
10.2;0.64;2.9;0.122;41.0;12.5;1
10.2;0.64;2.9;0.122;41.0;12.5;1
8.0;0.28;3.2;0.066;114.0;9.4;1
8.4;0.08;2.1;0.105;44.0;11.0;0
7.9;0.01;2.5;0.078;38.0;11.7;1
11.9;0.53;3.4;0.128;21.0;12.2;1
8.9;0.45;1.9;0.052;16.0;12.5;1
7.8;0.32;2.8;0.08;58.0;10.3;0
12.4;0.58;3.0;0.103;99.0;11.5;1
12.5;0.54;2.3;0.082;29.0;9.8;1
12.2;0.5;2.4;0.066;21.0;9.2;1
10.6;0.48;2.7;0.065;18.0;11.3;1
10.9;0.47;1.8;0.118;14.0;9.8;1
10.9;0.47;1.8;0.118;14.0;9.8;1
11.9;0.5;2.6;0.082;32.0;10.7;1
7.0;0.0;1.9;0.067;63.0;9.9;0
6.6;0.02;2.7;0.072;34.0;12.3;1
13.8;0.67;3.0;0.093;15.0;12.0;1
9.6;0.31;2.8;0.089;46.0;10.0;1
9.1;0.0;2.6;0.093;28.0;9.4;1
10.7;0.22;2.7;0.107;34.0;9.9;1
9.1;0.0;2.6;0.096;26.0;9.4;1
7.7;0.0;2.4;0.09;19.0;9.3;0
13.5;0.79;4.8;0.12;77.0;13.0;0
6.1;0.4;1.4;0.066;165.0;11.9;1
6.7;0.01;2.4;0.078;32.0;12.8;1
11.5;0.52;3.0;0.08;55.0;11.0;0
10.5;0.66;2.95;0.116;29.0;11.7;1
11.9;0.66;3.1;0.109;23.0;10.4;1
12.6;0.66;2.6;0.088;41.0;9.8;1
8.2;0.23;2.0;0.099;81.0;9.4;0
8.6;0.31;2.6;0.086;50.0;9.9;1
11.9;0.66;2.5;0.072;37.0;10.0;0
12.5;0.63;2.0;0.071;15.0;10.2;0
12.8;0.66;5.8;0.083;42.0;10.0;1
10.0;0.5;3.4;0.107;21.0;11.8;1
12.8;0.66;5.8;0.083;42.0;10.0;1
10.4;0.61;2.6;0.076;24.0;9.0;0
10.3;0.52;2.8;0.159;75.0;9.4;0
9.4;0.53;2.4;0.074;18.0;12.0;1
6.9;0.02;2.3;0.063;63.0;9.9;0
7.9;0.4;1.6;0.056;25.0;8.7;1
9.1;0.48;1.8;0.067;46.0;10.6;1
7.4;0.22;2.2;0.106;72.0;9.2;0
14.0;0.63;3.8;0.089;47.0;10.8;1
11.5;0.71;4.4;0.124;15.0;11.8;1
11.5;0.5;3.0;0.078;47.0;11.0;1
9.4;0.53;2.4;0.074;18.0;12.0;1
11.4;0.66;6.2;0.088;24.0;13.3;1
8.3;0.38;2.5;0.094;60.0;10.8;1
8.3;0.42;2.0;0.08;27.0;9.4;1
13.7;0.68;2.9;0.085;43.0;10.0;1
8.3;0.42;2.0;0.08;27.0;9.4;1
8.3;0.42;2.0;0.08;27.0;9.4;1
7.7;0.28;2.1;0.087;54.0;9.2;0
7.4;0.07;2.4;0.09;37.0;9.7;1
7.8;0.26;2.0;0.088;48.0;9.2;1
8.3;0.15;1.9;0.079;42.0;9.6;1
7.8;0.26;1.9;0.088;53.0;9.2;1
9.6;0.31;2.5;0.096;49.0;10.0;1
5.6;0.05;1.4;0.045;88.0;12.9;1
13.7;0.68;2.9;0.085;43.0;10.0;1
9.5;0.52;2.0;0.082;26.0;9.5;0
8.4;0.61;2.0;0.112;95.0;9.1;0
12.7;0.65;2.3;0.063;25.0;9.9;0
12.0;0.76;4.2;0.066;38.0;13.0;1
6.6;0.02;7.9;0.122;124.0;9.9;0
11.5;0.59;2.6;0.087;49.0;11.0;1
11.5;0.59;2.6;0.087;49.0;11.0;1
8.7;0.22;2.3;0.064;42.0;9.4;0
6.6;0.02;7.9;0.122;124.0;9.9;0
7.7;0.3;1.7;0.059;38.0;10.8;1
12.2;0.54;2.6;0.085;64.0;10.5;1
11.4;0.49;2.7;0.085;41.0;10.5;1
7.7;0.05;2.7;0.075;27.0;9.1;0
8.7;0.46;1.4;0.059;25.0;10.1;1
9.8;0.47;2.5;0.063;28.0;10.8;1
12.0;0.66;3.0;0.093;30.0;10.8;1
10.4;0.58;3.7;0.174;16.0;11.3;1
12.5;0.49;4.5;0.07;49.0;9.6;0
9.0;0.34;2.5;0.08;86.0;9.5;1
9.1;0.35;2.4;0.08;78.0;9.5;0
7.1;0.16;1.9;0.1;77.0;9.3;0
9.9;0.53;6.7;0.097;19.0;11.7;1
8.8;0.34;2.7;0.087;122.0;9.5;0
8.6;0.24;6.6;0.117;134.0;9.3;0
10.6;0.64;2.2;0.111;20.0;11.7;1
7.0;0.12;1.9;0.091;124.0;10.5;0
11.9;0.51;2.0;0.121;20.0;10.4;1
6.8;0.0;1.8;0.066;52.0;9.9;0
9.5;0.33;2.4;0.089;67.0;11.8;1
6.6;0.03;2.3;0.059;48.0;12.3;1
7.7;0.2;2.0;0.047;60.0;10.9;0
10.5;0.47;2.1;0.066;24.0;11.0;1
7.7;0.2;2.0;0.047;60.0;10.9;0
6.6;0.03;2.3;0.059;48.0;12.3;1
6.4;0.08;2.1;0.045;48.0;11.4;1
9.5;0.22;1.9;0.077;32.0;10.6;1
9.1;0.33;1.3;0.07;30.0;9.3;0
12.8;0.63;2.4;0.088;35.0;10.4;1
10.5;0.47;2.1;0.066;24.0;11.0;1
7.8;0.35;2.2;0.074;66.0;9.2;0
11.9;0.69;2.3;0.078;24.0;12.8;1
12.3;0.63;2.3;0.091;18.0;9.5;0
10.4;0.55;3.2;0.076;54.0;9.9;1
12.3;0.63;2.3;0.091;18.0;9.5;0
8.0;0.3;2.0;0.06;62.0;10.2;1
11.1;0.73;3.2;0.066;22.0;11.2;1
10.4;0.55;3.2;0.076;54.0;9.9;1
7.0;0.18;1.5;0.062;50.0;9.3;0
12.6;0.72;2.2;0.072;29.0;9.8;1
11.9;0.65;2.15;0.068;27.0;11.3;1
15.6;0.76;3.7;0.1;43.0;11.2;1
10.0;0.49;2.7;0.077;19.0;11.6;1
5.3;0.01;1.7;0.054;27.0;12.5;1
9.5;0.1;2.1;0.079;31.0;10.1;1
12.5;0.6;2.6;0.081;72.0;10.5;0
9.3;0.29;2.1;0.127;16.0;11.2;0
8.6;0.22;2.0;0.1;27.0;10.2;1
11.9;0.69;2.8;0.095;35.0;10.8;1
11.9;0.69;2.8;0.095;35.0;10.8;1
8.4;0.53;1.8;0.413;26.0;9.1;1
6.8;0.03;1.7;0.084;35.0;10.0;1
10.4;0.63;2.8;0.084;22.0;11.2;1
7.0;0.4;1.6;0.063;67.0;11.1;0
11.3;0.67;5.2;0.086;19.0;13.4;1
8.9;0.39;2.3;0.095;22.0;10.3;0
9.2;0.21;2.7;0.097;65.0;9.6;0
10.4;0.63;2.8;0.084;22.0;11.2;1
11.6;0.66;2.2;0.074;47.0;9.0;0
9.2;0.52;2.3;0.083;23.0;11.3;1
8.3;0.22;2.6;0.087;19.0;9.3;0
11.0;0.68;2.55;0.085;25.0;11.8;0
8.1;0.7;2.2;0.098;129.0;9.0;0
11.5;0.54;2.1;0.084;15.0;9.2;1
10.0;0.4;2.9;0.098;26.0;9.7;0
10.3;0.42;2.0;0.069;51.0;11.5;1
8.8;0.45;2.6;0.065;18.0;14.0;1
11.4;0.69;2.1;0.09;21.0;9.2;1
8.7;0.02;1.2;0.07;48.0;9.8;0
13.0;0.65;2.6;0.093;47.0;10.6;0
9.6;0.42;2.4;0.081;52.0;11.4;1
12.5;0.55;2.6;0.083;68.0;10.4;1
9.9;0.55;2.1;0.062;14.0;10.6;0
10.5;0.51;1.7;0.08;24.0;9.4;1
9.6;0.24;2.2;0.087;28.0;10.2;0
9.3;0.41;2.0;0.091;16.0;9.7;0
10.4;0.49;1.8;0.075;20.0;11.0;1
9.6;0.24;2.2;0.087;28.0;10.2;0
9.4;0.11;2.7;0.077;31.0;10.1;1
10.6;0.39;15.5;0.069;23.0;9.2;0
9.4;0.56;2.8;0.08;17.0;11.7;1
10.6;0.59;2.2;0.152;18.0;9.4;0
10.6;0.6;2.2;0.152;18.0;9.4;0
10.6;0.68;4.1;0.114;24.0;13.4;1
10.2;0.39;1.9;0.054;17.0;10.0;0
10.2;0.39;1.9;0.054;17.0;10.0;0
10.2;0.36;1.8;0.053;14.0;10.0;1
11.6;0.55;2.8;0.081;67.0;10.8;1
9.3;0.4;2.6;0.073;26.0;10.2;1
9.3;0.27;2.8;0.078;56.0;10.6;1
9.2;0.5;2.5;0.055;25.0;13.3;1
8.9;0.51;2.6;0.052;27.0;13.4;1
8.7;0.31;3.0;0.086;81.0;11.6;1
6.5;0.23;8.3;0.051;91.0;12.1;1
10.7;0.53;2.6;0.07;16.0;11.0;1
7.8;0.25;1.9;0.081;38.0;9.0;1
7.2;0.32;2.5;0.09;113.0;11.1;0
10.7;0.53;2.6;0.07;16.0;11.0;1
8.7;0.31;3.0;0.086;81.0;11.6;1
7.8;0.25;1.9;0.081;38.0;9.0;1
10.4;0.73;6.55;0.074;76.0;12.0;1
10.4;0.73;6.55;0.074;76.0;12.0;1
10.5;0.47;1.9;0.078;24.0;10.9;1
10.5;0.42;1.8;0.077;22.0;10.8;1
10.2;0.63;2.9;0.072;26.0;12.5;1
10.4;0.46;1.8;0.075;21.0;10.8;1
11.2;0.55;2.3;0.084;13.0;9.5;1
10.0;0.31;2.2;0.09;62.0;10.2;1
13.3;0.75;2.8;0.084;43.0;11.4;1
12.4;0.49;4.6;0.073;43.0;9.5;0
10.0;0.31;2.2;0.09;62.0;10.2;1
10.7;0.48;2.1;0.125;49.0;9.7;1
10.5;0.64;2.4;0.107;15.0;11.8;1
10.5;0.64;2.4;0.107;15.0;11.8;1
8.5;0.49;6.1;0.122;151.0;9.3;0
12.5;0.49;4.3;0.1;14.0;11.9;1
10.4;0.49;2.1;0.2;16.0;8.4;0
10.9;0.49;2.8;0.088;32.0;11.7;1
7.3;0.49;2.5;0.088;106.0;11.0;0
9.8;0.49;2.7;0.088;33.0;10.0;1
7.6;0.49;2.0;0.088;43.0;9.1;0
8.2;0.49;2.3;0.099;133.0;9.8;0
9.3;0.49;2.5;0.085;142.0;9.4;0
9.2;0.49;2.4;0.086;116.0;9.5;0
10.4;0.24;2.8;0.105;53.0;9.9;0
7.3;0.49;2.5;0.088;106.0;11.0;0
7.0;0.49;2.5;0.097;85.0;11.4;1
8.2;0.49;2.6;0.084;55.0;8.7;1
9.9;0.24;2.4;0.077;33.0;9.4;0
9.1;0.24;2.1;0.078;28.0;10.3;1
11.9;0.49;2.7;0.098;42.0;10.3;0
11.9;0.49;2.7;0.098;42.0;10.3;0
10.3;0.24;2.1;0.072;33.0;12.8;1
10.0;0.24;2.7;0.102;32.0;10.0;1
9.1;0.24;2.1;0.078;28.0;10.3;1
9.9;0.24;2.4;0.077;33.0;9.4;0
8.1;0.24;2.1;0.084;13.0;10.7;1
12.9;0.49;5.8;0.066;35.0;12.0;1
11.2;0.74;5.15;0.1;17.0;11.2;0
9.2;0.24;3.3;0.101;47.0;9.6;0
9.5;0.49;6.3;0.064;17.0;11.0;1
9.3;0.24;2.1;0.07;20.0;9.9;0
11.2;0.24;2.5;0.085;53.0;11.0;1
14.3;0.74;1.8;0.075;15.0;8.4;1
9.1;0.49;2.6;0.094;106.0;9.1;0
7.5;0.24;2.0;0.078;28.0;9.5;1
10.6;0.49;2.5;0.067;21.0;10.7;1
12.4;0.49;2.6;0.079;69.0;10.4;1
9.0;0.49;1.9;0.171;25.0;9.4;1
6.8;0.01;2.1;0.074;25.0;9.5;1
9.4;0.24;2.8;0.092;45.0;10.0;1
9.5;0.24;2.7;0.092;44.0;10.0;1
5.0;0.24;1.6;0.05;96.0;11.5;0
15.5;0.49;4.2;0.095;23.0;11.1;0
15.5;0.49;4.2;0.095;23.0;11.1;0
10.9;0.49;4.6;0.118;17.0;11.7;1
15.6;0.49;4.2;0.095;23.0;11.1;0
10.9;0.49;4.6;0.118;17.0;11.7;1
13.0;0.49;4.3;0.085;47.0;12.7;1
12.7;0.49;2.8;0.075;19.0;11.4;0
9.0;0.49;2.4;0.078;121.0;9.2;0
9.0;0.49;2.9;0.094;110.0;9.2;0
7.6;0.49;2.7;0.092;60.0;10.1;1
13.0;0.49;4.3;0.085;47.0;12.7;1
12.7;0.49;2.8;0.075;19.0;11.4;0
8.7;0.24;2.5;0.226;15.0;9.0;1
8.7;0.24;2.5;0.226;15.0;9.0;1
9.8;0.49;2.6;0.25;20.0;10.7;1
6.2;0.24;2.2;0.095;42.0;11.7;1
11.5;0.49;3.3;0.07;37.0;11.0;1
6.2;0.24;2.2;0.095;42.0;11.7;1
10.2;0.49;2.4;0.075;28.0;10.4;0
10.5;0.49;2.1;0.07;47.0;9.6;0
10.6;0.49;3.2;0.078;78.0;10.0;1
12.3;0.49;3.1;0.079;46.0;10.2;1
9.9;0.24;2.3;0.103;14.0;10.0;0
8.8;0.49;2.8;0.083;111.0;9.5;0
8.8;0.49;2.9;0.085;110.0;9.8;0
10.6;0.49;2.2;0.063;40.0;9.8;1
12.3;0.49;2.2;0.089;14.0;9.6;0
12.3;0.49;2.2;0.089;14.0;9.6;0
11.7;0.49;2.2;0.083;15.0;9.2;0
12.0;0.49;1.9;0.074;21.0;9.9;1
11.8;0.49;3.4;0.093;80.0;10.7;1
7.6;0.24;2.4;0.091;38.0;9.6;1
11.1;0.49;2.7;0.094;47.0;10.6;1
7.3;0.24;1.9;0.108;102.0;9.3;0
5.0;0.24;2.0;0.06;50.0;14.0;1
10.2;0.49;2.6;0.059;13.0;10.5;1
9.0;0.49;2.6;0.084;75.0;9.7;0
6.6;0.49;1.7;0.07;149.0;11.5;1
9.0;0.49;2.6;0.084;75.0;9.7;0
9.9;0.58;3.5;0.094;43.0;9.0;0
7.9;0.17;2.6;0.096;38.0;9.5;0
8.9;0.41;7.9;0.086;109.0;9.3;0
12.4;0.51;2.0;0.059;24.0;9.3;1
11.9;0.58;1.9;0.071;18.0;10.0;1
8.5;0.18;2.1;0.078;30.0;9.8;1
12.7;0.45;2.3;0.082;22.0;9.3;1
8.2;0.27;2.1;0.088;23.0;10.0;0
13.2;0.52;2.2;0.071;35.0;9.0;1
7.7;0.0;2.6;0.081;14.0;9.3;0
13.2;0.52;2.2;0.071;35.0;9.0;1
8.3;0.13;2.9;0.096;63.0;9.1;1
8.3;0.13;2.6;0.085;24.0;9.2;1
9.4;0.48;4.6;0.072;20.0;12.2;1
8.8;0.41;3.3;0.092;52.0;10.5;1
10.1;0.37;5.1;0.11;65.0;10.4;1
6.3;0.19;3.2;0.075;39.0;12.7;1
8.8;0.54;2.5;0.083;57.0;9.2;0
13.2;0.55;2.7;0.081;16.0;9.4;0
7.5;0.0;2.4;0.077;29.0;10.0;1
8.2;0.38;1.5;0.058;29.0;9.8;0
9.2;0.18;2.2;0.148;103.0;10.2;1
9.6;0.5;2.3;0.079;71.0;9.7;0
9.6;0.5;2.3;0.079;71.0;9.7;0
11.5;0.51;2.2;0.079;28.0;9.8;1
11.4;0.5;2.7;0.122;17.0;10.2;0
11.3;0.41;2.3;0.088;16.0;9.3;0
8.3;0.24;3.4;0.076;112.0;9.4;0
8.2;0.23;3.4;0.078;104.0;9.4;0
10.0;0.22;1.9;0.08;32.0;9.5;0
7.9;0.25;2.9;0.077;45.0;12.1;1
6.8;0.0;5.6;0.124;58.0;10.2;0
6.8;0.0;5.6;0.124;58.0;10.2;0
8.8;0.29;2.2;0.098;15.0;9.1;0
8.8;0.29;2.2;0.098;15.0;9.1;0
8.7;0.26;2.5;0.097;31.0;9.3;1
7.6;0.23;2.3;0.111;84.0;9.3;0
8.7;0.26;2.5;0.097;31.0;9.3;1
10.4;0.54;2.7;0.105;19.0;9.5;0
7.6;0.14;3.0;0.087;43.0;10.5;1
10.1;0.22;3.4;0.105;86.0;11.3;0
7.9;0.21;1.9;0.073;102.0;9.5;0
8.7;0.0;1.4;0.065;33.0;9.7;0
9.6;0.28;2.4;0.086;147.0;9.4;0
9.5;0.27;2.3;0.084;145.0;9.4;0
7.7;0.12;2.2;0.143;23.0;10.2;1
8.9;0.35;1.9;0.067;57.0;10.3;1
9.9;0.45;2.3;0.071;40.0;9.4;0
9.5;0.44;2.3;0.071;68.0;9.5;0
9.9;0.45;2.3;0.071;40.0;9.4;0
9.5;0.44;2.3;0.071;68.0;9.5;0
9.9;0.45;2.3;0.071;40.0;9.4;0
7.8;0.1;6.0;0.115;11.0;10.1;1
7.3;0.05;3.6;0.107;20.0;10.1;0
8.3;0.01;2.2;0.07;14.0;11.0;0
8.7;0.3;2.8;0.066;28.0;11.2;1
6.7;0.27;8.6;0.068;148.0;11.3;1
10.7;0.39;2.2;0.106;32.0;9.6;0
9.8;0.25;2.5;0.104;155.0;11.2;0
15.9;0.65;7.5;0.096;71.0;14.9;0
9.4;0.59;2.8;0.079;30.0;12.0;1
8.6;0.47;2.4;0.074;29.0;9.5;0
9.7;0.17;2.9;0.087;53.0;9.4;0
10.7;0.39;2.2;0.106;32.0;9.6;0
12.0;0.59;1.4;0.073;42.0;10.5;1
7.2;0.07;1.4;0.074;20.0;9.6;1
7.1;0.02;4.4;0.096;13.0;11.0;0
7.2;0.07;1.4;0.074;20.0;9.6;1
7.5;0.31;1.6;0.08;42.0;9.0;0
7.2;0.06;1.6;0.076;27.0;9.6;1
10.1;0.46;1.8;0.05;13.0;10.2;1
12.1;0.52;2.0;0.092;54.0;10.2;0
9.4;0.14;2.0;0.084;48.0;9.7;0
8.3;0.36;1.8;0.222;16.0;9.5;1
11.3;0.45;2.0;0.082;15.0;9.2;1
10.0;0.43;2.3;0.059;31.0;11.0;0
11.3;0.45;2.0;0.082;15.0;9.2;1
6.9;0.24;2.5;0.083;45.0;10.0;0
8.2;0.21;1.7;0.074;13.0;9.5;0
9.8;0.34;2.0;0.079;151.0;9.5;0
8.2;0.21;1.7;0.074;13.0;9.5;0
10.8;0.41;2.2;0.084;17.0;9.3;1
9.3;0.39;2.2;0.064;31.0;10.2;0
10.8;0.41;2.2;0.084;17.0;9.3;1
8.6;0.11;2.3;0.084;31.0;9.9;0
8.3;0.1;2.6;0.081;87.0;10.0;0
10.8;0.45;3.3;0.06;49.0;9.6;0
13.3;0.58;1.9;0.07;40.0;9.0;0
8.0;0.23;2.2;0.094;29.0;10.2;1
8.5;0.31;2.25;0.078;58.0;9.8;0
8.1;0.23;2.6;0.059;15.0;11.3;0
9.8;0.32;2.3;0.078;152.0;9.4;0
8.1;0.23;2.6;0.059;15.0;11.3;0
7.1;0.18;1.8;0.07;40.0;9.1;0
9.1;0.23;3.1;0.095;38.0;9.7;0
7.7;0.04;1.6;0.039;9.0;9.4;0
8.1;0.48;1.8;0.157;17.0;9.4;0
7.4;0.0;4.25;0.097;14.0;10.7;0
9.2;0.24;2.6;0.087;93.0;9.8;0
8.6;0.51;2.0;0.422;62.0;9.0;0
9.0;0.32;2.8;0.084;122.0;9.4;0
9.0;0.31;2.7;0.084;125.0;9.4;0
5.1;0.02;1.3;0.034;44.0;12.8;1
7.0;0.02;2.1;0.066;25.0;9.5;1
7.0;0.02;2.1;0.066;25.0;9.5;1
9.4;0.28;3.2;0.087;72.0;9.7;0
11.8;0.55;2.1;0.071;19.0;10.8;1
10.6;0.43;2.9;0.076;88.0;10.1;1
7.0;0.02;2.1;0.066;25.0;9.5;1
7.0;0.02;2.1;0.067;23.0;9.4;1
7.5;0.48;2.6;0.073;84.0;9.6;0
9.1;0.04;1.6;0.078;14.0;9.7;0
8.4;0.15;6.0;0.073;54.0;9.9;0
7.0;0.08;2.0;0.093;19.0;10.0;0
7.4;0.19;3.0;0.077;37.0;10.5;0
7.8;0.12;2.5;0.068;35.0;11.6;1
9.7;0.47;1.6;0.062;33.0;10.0;1
10.6;0.43;2.8;0.08;84.0;10.1;0
8.9;0.34;3.0;0.093;112.0;9.5;0
8.7;0.0;3.2;0.084;33.0;9.4;0
8.0;0.36;2.3;0.075;48.0;9.4;0
9.9;0.28;2.6;0.078;77.0;9.8;0
7.2;0.18;2.7;0.069;34.0;9.2;1
8.0;0.36;2.3;0.075;48.0;9.4;0
7.6;0.11;2.6;0.079;49.0;10.0;0
8.4;0.04;2.0;0.082;22.0;9.6;0
7.1;0.0;3.9;0.086;45.0;9.5;0
8.4;0.04;2.0;0.082;22.0;9.6;0
8.9;0.24;2.85;0.094;106.0;9.2;0
7.6;0.08;2.7;0.084;48.0;10.0;0
7.1;0.3;2.2;0.053;127.0;9.5;0
7.5;0.1;3.1;0.086;12.0;11.2;0
9.0;0.17;3.0;0.077;13.0;10.4;0
8.1;0.09;2.8;0.084;49.0;11.1;1
6.4;0.02;1.8;0.067;11.0;9.5;0
6.4;0.02;1.8;0.067;11.0;9.5;0
6.4;0.03;3.2;0.071;58.0;12.7;1
9.5;0.66;2.3;0.387;37.0;9.6;0
8.9;0.13;3.45;0.088;14.0;11.5;0
7.3;0.03;2.1;0.092;19.0;9.6;0
7.0;0.34;2.7;0.082;72.0;9.5;0
7.7;0.2;2.0;0.075;39.0;9.3;0
7.7;0.1;2.1;0.112;22.0;9.5;0
7.7;0.1;2.1;0.112;22.0;9.5;0
8.2;0.0;2.5;0.093;58.0;9.3;1
9.0;0.23;2.8;0.092;104.0;9.2;0
9.0;0.0;2.4;0.088;38.0;9.3;0
8.3;0.29;4.2;0.075;16.0;11.5;1
9.2;0.24;2.6;0.078;139.0;9.5;0
6.5;0.0;1.9;0.065;18.0;9.2;0
11.6;0.58;2.8;0.096;101.0;10.0;0
11.1;0.54;2.7;0.095;101.0;9.5;0
7.3;0.18;2.1;0.07;28.0;9.5;1
8.2;0.38;2.5;0.08;57.0;9.0;1
8.6;0.4;2.6;0.083;68.0;9.4;0
7.2;0.18;2.1;0.071;31.0;9.6;1
7.3;0.18;2.1;0.07;28.0;9.5;1
8.3;0.1;2.9;0.089;40.0;9.5;0
8.3;0.1;2.9;0.089;40.0;9.5;0
7.6;0.13;2.5;0.097;66.0;9.4;0
8.3;0.1;2.9;0.089;40.0;9.5;0
7.8;0.68;1.7;0.415;32.0;9.1;1
7.8;0.07;1.9;0.058;47.0;10.7;1
6.3;0.01;2.0;0.057;33.0;11.2;1
8.1;0.0;2.2;0.084;31.0;9.8;0
8.1;0.0;2.2;0.084;31.0;9.8;0
8.8;0.21;2.5;0.092;88.0;9.2;0
9.0;0.25;2.8;0.075;104.0;9.7;0
9.3;0.26;2.0;0.096;35.0;9.6;0
8.8;0.0;1.7;0.069;19.0;10.0;1
9.3;0.26;2.0;0.096;35.0;9.6;0
9.1;0.11;2.8;0.093;44.0;9.5;1
9.2;0.1;3.0;0.091;48.0;9.5;1
8.8;0.18;2.9;0.089;74.0;9.4;0
7.5;0.32;2.7;0.103;98.0;9.5;0
7.1;0.02;2.3;0.082;94.0;9.7;1
7.9;0.01;1.9;0.076;32.0;9.6;0
7.1;0.02;2.3;0.082;94.0;9.7;1
9.4;0.26;2.4;0.082;143.0;9.4;0
9.5;0.27;2.3;0.082;144.0;9.4;0
7.9;0.29;1.8;0.157;44.0;9.5;1
7.9;0.3;1.8;0.157;45.0;9.5;1
7.2;0.0;3.0;0.102;16.0;10.0;0
6.9;0.18;2.4;0.243;48.0;10.3;1
6.9;0.17;2.4;0.241;18.0;10.3;1
8.3;0.3;3.4;0.079;34.0;10.5;0
7.1;0.03;2.6;0.076;92.0;9.8;0
7.0;0.0;2.0;0.19;45.0;9.4;1
6.5;0.14;2.4;0.114;37.0;9.8;0
9.0;0.05;2.4;0.081;96.0;10.0;0
6.5;0.14;2.4;0.114;37.0;9.8;0
7.1;0.01;2.5;0.077;85.0;9.8;0
9.9;0.41;2.3;0.083;61.0;9.5;0
9.9;0.41;2.3;0.083;61.0;9.5;0
10.0;0.24;2.2;0.079;58.0;10.1;1
10.0;0.24;2.2;0.079;58.0;10.1;1
8.6;0.17;2.9;0.099;119.0;9.3;0
7.4;0.43;2.6;0.082;82.0;9.7;1
8.8;0.17;2.9;0.084;130.0;9.6;0
7.1;0.02;2.5;0.081;87.0;9.7;1
7.7;0.0;2.6;0.055;13.0;10.8;0
10.1;0.54;2.3;0.065;26.0;12.5;1
10.8;0.3;2.6;0.132;60.0;10.2;0
8.7;0.31;2.5;0.126;64.0;9.6;0
9.3;0.44;1.6;0.038;42.0;10.8;1
9.4;0.34;3.6;0.082;14.0;10.7;1
9.4;0.34;3.6;0.082;14.0;10.7;1
7.2;0.08;4.0;0.082;108.0;9.4;0
8.6;0.09;3.3;0.068;17.0;10.0;0
5.1;0.0;1.7;0.044;86.0;12.9;1
7.7;0.08;2.5;0.114;46.0;9.6;1
8.4;0.22;2.7;0.084;18.0;9.9;1
8.2;0.4;2.4;0.052;10.0;12.8;1
8.4;0.39;2.0;0.041;10.0;12.5;1
8.2;0.4;2.4;0.052;10.0;12.8;1
7.4;0.12;1.9;0.165;12.0;9.2;0
7.6;0.31;2.8;0.07;15.0;10.3;1
7.3;0.1;2.6;0.068;14.0;10.5;0
12.9;0.55;2.8;0.072;24.0;10.9;1
10.8;0.33;2.5;0.099;38.0;10.8;0
6.9;0.24;2.1;0.102;7.0;11.4;0
12.6;0.54;2.8;0.103;41.0;11.3;1
10.8;0.33;2.5;0.099;38.0;10.8;0
9.8;0.19;3.2;0.081;30.0;10.5;1
10.8;0.42;1.6;0.084;27.0;11.9;1
7.1;0.0;2.35;0.071;47.0;9.4;0
9.1;0.15;3.2;0.097;59.0;9.6;0
7.0;0.0;1.9;0.099;22.0;9.7;0
4.9;0.0;2.1;0.048;42.0;14.0;1
6.7;0.13;2.0;0.076;36.0;9.8;0
6.7;0.13;2.0;0.076;36.0;9.8;0
7.1;0.28;2.8;0.068;16.0;10.3;0
7.1;0.14;2.8;0.076;37.0;10.7;0
7.5;0.34;2.3;0.05;8.0;11.0;1
7.1;0.14;2.8;0.076;37.0;10.7;0
7.8;0.09;2.3;0.065;45.0;12.7;1
5.9;0.08;2.1;0.071;24.0;11.1;1
7.5;0.07;2.5;0.058;9.0;10.9;0
5.9;0.08;2.1;0.071;24.0;11.1;1
10.4;0.42;1.5;0.145;48.0;9.9;0
11.6;0.44;1.6;0.147;51.0;9.9;0
8.8;0.26;1.6;0.088;23.0;9.4;0
7.6;0.1;1.5;0.066;55.0;9.3;0
6.7;0.28;2.4;0.012;100.0;11.7;1
6.7;0.28;2.4;0.012;100.0;11.7;1
10.1;0.35;1.6;0.075;28.0;11.2;1
6.0;0.04;2.2;0.092;26.0;10.0;0
11.1;0.47;2.65;0.085;34.0;12.1;1
6.6;0.0;3.0;0.115;31.0;10.3;0
10.6;0.45;2.6;0.119;68.0;10.9;1
7.1;0.35;2.0;0.088;92.0;9.4;0
9.9;0.46;1.7;0.062;42.0;10.6;1
6.4;0.21;1.8;0.081;31.0;9.8;0
6.4;0.21;1.8;0.081;31.0;9.8;0
7.4;0.16;1.8;0.078;39.0;9.9;1
6.4;0.21;1.8;0.081;31.0;9.8;0
6.4;0.21;1.6;0.08;32.0;9.8;0
9.3;0.44;1.9;0.085;22.0;9.5;0
9.3;0.44;1.9;0.085;22.0;9.5;0
8.0;0.32;2.5;0.08;122.0;9.7;0
9.3;0.39;1.5;0.08;55.0;10.9;1
9.3;0.39;1.5;0.08;55.0;10.9;1
7.6;0.02;2.5;0.071;14.0;11.7;1
9.3;0.39;1.5;0.08;55.0;10.9;1
8.2;0.34;2.5;0.073;47.0;11.3;1
11.7;0.47;1.7;0.054;32.0;10.6;1
6.8;0.22;1.8;0.074;24.0;11.2;1
7.2;0.06;2.7;0.077;85.0;9.5;0
5.8;0.66;2.0;0.039;88.0;11.5;1
7.5;0.32;2.7;0.067;25.0;10.4;0
7.2;0.06;2.5;0.078;84.0;9.7;0
7.2;0.06;2.7;0.077;85.0;9.5;0
7.2;0.07;2.6;0.077;86.0;9.7;0
6.8;0.22;2.3;0.071;24.0;11.3;1
6.9;0.23;2.0;0.072;22.0;11.2;1
6.8;0.22;1.8;0.074;24.0;11.2;1
7.6;0.03;2.0;0.08;43.0;10.9;1
7.7;0.01;2.1;0.064;43.0;11.8;1
6.9;0.03;1.5;0.086;46.0;10.6;0
7.3;0.24;2.0;0.067;48.0;10.0;0
9.1;0.37;1.6;0.067;10.0;11.1;1
10.4;0.46;2.1;0.104;10.0;11.8;1
8.8;0.4;2.8;0.109;16.0;11.8;1
7.1;0.0;2.2;0.067;14.0;10.9;0
7.7;0.01;2.1;0.064;43.0;11.8;1
8.8;0.19;4.0;0.094;69.0;10.0;1
7.2;0.04;2.5;0.076;88.0;9.5;0
9.2;0.18;1.6;0.078;21.0;9.9;0
7.6;0.0;2.1;0.068;35.0;11.4;1
8.4;0.29;3.1;0.194;26.0;12.0;1
7.2;0.04;2.5;0.076;88.0;9.5;0
8.8;0.19;4.0;0.094;69.0;10.0;1
8.9;0.14;2.5;0.086;30.0;10.5;0
9.0;0.12;2.4;0.083;28.0;10.4;1
10.7;0.38;2.6;0.066;56.0;12.1;1
6.8;0.0;2.5;0.072;64.0;11.2;1
10.7;0.34;6.6;0.112;99.0;9.3;0
7.2;0.24;2.0;0.071;52.0;10.1;0
7.2;0.03;2.3;0.078;86.0;9.7;0
10.1;0.23;1.9;0.082;18.0;9.3;1
7.2;0.03;2.3;0.078;86.0;9.7;0
7.2;0.03;2.2;0.08;88.0;9.8;1
7.1;0.01;2.3;0.08;43.0;10.7;1
8.3;0.39;2.4;0.078;43.0;12.5;1
7.1;0.01;2.3;0.08;43.0;10.7;1
8.3;0.39;2.4;0.078;43.0;12.5;1
8.3;0.02;3.4;0.084;11.0;11.0;0
8.9;0.36;2.6;0.056;39.0;11.8;0
7.4;0.1;2.4;0.08;33.0;10.8;1
7.4;0.1;2.4;0.08;33.0;10.8;1
6.8;0.06;6.0;0.06;18.0;10.8;1
6.8;0.06;6.0;0.06;18.0;10.8;1
9.2;0.2;3.0;0.081;115.0;9.5;0
7.2;0.27;2.6;0.084;78.0;11.0;0
6.1;0.0;2.2;0.079;9.0;11.5;1
7.4;0.13;2.4;0.078;61.0;10.8;1
7.3;0.39;1.2;0.059;11.0;11.5;1
9.3;0.48;3.8;0.132;11.0;13.2;1
9.1;0.46;9.0;0.114;9.0;10.9;1
10.0;0.44;2.9;0.065;8.0;12.2;1
9.4;0.46;4.6;0.094;10.0;12.2;1
7.3;0.39;1.2;0.059;11.0;11.5;1
8.6;0.4;2.2;0.079;6.0;11.9;1
5.3;0.19;1.5;0.161;62.0;11.0;0
6.8;0.31;8.8;0.084;45.0;10.1;1
8.4;0.32;2.2;0.081;79.0;11.0;1
8.4;0.12;1.8;0.072;46.0;11.8;1
9.6;0.37;2.3;0.091;23.0;10.5;0
8.4;0.32;2.2;0.081;79.0;11.0;1
8.4;0.12;1.8;0.072;46.0;11.8;1
6.8;0.31;8.8;0.084;45.0;10.1;1
8.6;0.27;2.3;0.055;28.0;11.2;0
8.6;0.36;1.9;0.064;77.0;11.0;1
9.4;0.33;2.3;0.061;73.0;10.2;1
8.4;0.19;2.2;0.093;75.0;9.2;0
8.6;0.27;2.3;0.055;28.0;11.2;0
8.7;0.38;3.3;0.063;19.0;12.0;1
6.6;0.01;1.9;0.08;25.0;10.5;0
7.4;0.01;2.0;0.074;38.0;9.8;0
7.6;0.29;1.9;0.078;66.0;9.5;1
7.4;0.01;2.0;0.074;38.0;9.8;0
6.6;0.01;1.9;0.08;25.0;10.5;0
8.8;0.38;2.3;0.06;72.0;11.8;1
8.8;0.38;2.3;0.06;72.0;11.8;1
12.0;0.5;1.4;0.071;26.0;10.4;0
7.2;0.38;2.8;0.068;42.0;12.9;1
6.2;0.17;1.6;0.073;11.0;11.4;0
9.6;0.52;2.2;0.074;25.0;12.4;1
9.9;0.49;5.0;0.082;17.0;12.5;1
10.1;0.4;2.6;0.092;52.0;10.0;1
9.8;0.34;2.3;0.094;45.0;9.7;1
8.3;0.49;3.8;0.09;24.0;12.1;1
10.2;0.42;2.0;0.071;20.0;11.1;1
10.2;0.58;4.1;0.092;24.0;12.0;1
8.3;0.48;2.1;0.093;12.0;12.4;1
8.9;0.45;1.8;0.075;21.0;11.9;1
8.9;0.45;1.8;0.075;21.0;11.9;1
8.9;0.45;1.8;0.075;21.0;11.9;1
8.3;0.48;2.1;0.093;12.0;12.4;1
8.2;0.4;2.2;0.058;10.0;11.2;1
10.2;0.48;2.1;0.052;9.0;12.1;1
7.6;0.4;2.7;0.082;11.0;12.2;1
8.5;0.52;1.9;0.09;23.0;10.4;0
9.0;0.52;2.1;0.111;10.0;11.3;1
9.5;0.52;2.0;0.088;51.0;11.1;1
6.4;0.12;2.3;0.12;36.0;11.3;1
8.0;0.05;2.0;0.089;32.0;10.0;0
8.5;0.27;1.9;0.058;38.0;11.1;1
7.1;0.14;1.6;0.078;18.0;9.3;0
6.6;0.02;2.1;0.115;16.0;9.5;0
8.8;0.39;2.0;0.1;27.0;11.2;1
8.5;0.27;1.9;0.058;38.0;11.1;1
8.3;0.4;2.4;0.065;48.0;11.0;1
9.0;0.41;2.4;0.103;10.0;11.9;1
8.5;0.2;2.1;0.097;113.0;9.2;0
9.0;0.43;2.4;0.068;46.0;12.2;1
6.7;0.09;2.9;0.079;22.0;10.2;0
10.4;0.48;1.9;0.066;10.0;10.9;1
10.4;0.48;1.9;0.066;10.0;10.9;1
10.1;0.5;2.4;0.104;13.0;11.6;1
8.5;0.44;1.7;0.079;12.0;10.7;0
8.8;0.41;5.9;0.073;13.0;12.1;1
7.2;0.3;2.1;0.083;72.0;9.4;0
7.2;0.3;2.1;0.083;72.0;9.4;0
8.4;0.29;2.6;0.109;119.0;9.1;0
7.0;0.32;3.6;0.061;29.0;11.3;1
12.2;0.49;1.4;0.075;6.0;10.4;0
9.1;0.3;1.9;0.065;17.0;10.5;1
9.5;0.26;1.9;0.079;28.0;10.0;0
7.3;0.32;2.1;0.07;70.0;12.9;1
9.1;0.3;1.9;0.065;17.0;10.5;1
12.2;0.49;1.4;0.075;6.0;10.4;0
7.4;0.0;2.0;0.064;11.0;11.3;1
9.8;0.39;1.4;0.066;7.0;11.4;1
7.1;0.3;1.6;0.08;70.0;9.4;0
7.7;0.12;1.7;0.097;27.0;9.4;0
9.7;0.4;1.5;0.073;21.0;10.9;1
7.7;0.12;1.7;0.097;27.0;9.4;0
7.1;0.28;2.0;0.082;68.0;9.4;0
6.5;0.1;2.0;0.076;47.0;9.4;1
7.1;0.28;2.0;0.082;68.0;9.4;0
10.0;0.45;2.5;0.092;88.0;9.4;0
7.7;0.06;2.0;0.079;41.0;10.1;1
5.6;0.0;2.2;0.087;11.0;12.8;1
5.6;0.0;2.2;0.087;11.0;12.8;1
8.9;0.34;1.4;0.05;10.0;9.1;1
6.4;0.0;1.65;0.055;12.0;12.9;1
7.5;0.3;2.2;0.062;12.0;11.5;1
9.9;0.38;1.5;0.058;47.0;10.6;1
9.1;0.33;2.05;0.063;27.0;11.7;1
6.8;0.32;1.8;0.067;8.0;12.8;1
8.2;0.29;1.6;0.081;45.0;10.3;0
6.8;0.32;1.8;0.067;8.0;12.8;1
9.1;0.33;2.05;0.063;27.0;11.7;1
9.1;0.34;2.0;0.064;25.0;11.7;1
8.9;0.4;3.6;0.11;24.0;12.0;1
9.6;0.36;2.8;0.116;55.0;10.9;0
8.9;0.45;1.7;0.067;12.0;12.3;1
8.9;0.31;2.0;0.088;19.0;10.4;1
7.7;0.15;2.1;0.102;32.0;10.0;0
7.5;0.0;1.6;0.092;31.0;10.0;1
8.0;0.16;2.0;0.12;7.0;11.2;1
10.5;0.46;2.2;0.075;27.0;11.4;1
8.9;0.4;2.2;0.068;28.0;12.6;1
8.0;0.37;0.9;0.049;109.0;12.7;1
8.0;0.37;0.9;0.049;109.0;12.7;1
7.0;0.14;1.8;0.078;23.0;10.4;0
11.3;0.66;2.4;0.123;8.0;11.9;1
11.3;0.66;2.4;0.123;8.0;11.9;1
7.0;0.09;2.1;0.062;9.0;10.5;0
8.2;0.42;2.3;0.098;9.0;12.3;1
7.7;0.01;1.8;0.088;18.0;10.5;1
8.6;0.0;2.8;0.095;43.0;10.4;1
7.9;0.32;1.9;0.066;36.0;12.6;1
6.4;0.0;2.2;0.065;52.0;11.6;0
7.2;0.21;2.5;0.075;68.0;10.1;1
7.7;0.01;1.8;0.088;18.0;10.5;1
7.1;0.0;2.1;0.091;14.0;11.5;1
7.3;0.01;1.8;0.093;15.0;11.0;1
8.1;0.0;4.1;0.095;14.0;9.6;0
7.5;0.08;2.6;0.089;27.0;10.4;1
8.9;0.18;2.5;0.077;48.0;9.7;1
10.1;0.34;2.4;0.085;17.0;10.6;1
7.6;0.34;2.5;0.082;35.0;12.5;1
7.3;0.1;1.8;0.074;56.0;9.2;0
8.7;0.41;6.2;0.078;42.0;12.6;1
8.9;0.21;2.2;0.088;39.0;11.1;1
7.4;0.0;2.2;0.088;32.0;10.2;0
6.9;0.19;1.7;0.079;26.0;9.8;1
8.9;0.21;2.2;0.088;39.0;11.1;1
9.5;0.41;8.9;0.069;39.0;10.9;1
6.4;0.33;3.3;0.046;53.0;12.2;1
6.9;0.0;1.4;0.07;38.0;11.4;1
7.6;0.0;1.7;0.076;45.0;10.7;1
7.1;0.17;1.8;0.082;51.0;10.4;0
9.3;0.36;1.7;0.081;14.0;10.9;1
9.3;0.36;1.8;0.084;17.0;10.8;1
7.1;0.17;1.8;0.082;51.0;10.4;0
8.5;0.59;1.4;0.414;45.0;9.2;0
5.6;0.05;2.4;0.073;25.0;12.9;0
8.3;0.42;2.3;0.07;20.0;12.7;1
8.2;0.27;2.0;0.095;77.0;9.1;1
8.2;0.27;2.0;0.095;77.0;9.1;1
8.9;0.53;4.0;0.101;10.0;12.1;1
7.6;0.25;3.9;0.104;90.0;9.1;0
9.9;0.57;2.4;0.093;52.0;11.6;1
8.9;0.53;4.0;0.101;10.0;12.1;1
11.6;0.57;1.8;0.074;8.0;9.9;1
9.1;0.5;1.8;0.071;16.0;12.5;1
8.0;0.44;1.9;0.098;15.0;11.4;1
10.2;0.65;2.4;0.075;17.0;11.8;1
8.2;0.09;2.0;0.067;10.0;11.8;1
7.7;0.18;2.4;0.083;20.0;10.2;1
6.6;0.08;2.4;0.07;26.0;12.5;1
11.1;0.53;2.2;0.06;10.0;10.9;1
11.1;0.53;2.2;0.06;10.0;10.9;1
8.0;0.35;2.8;0.086;52.0;10.8;0
9.3;0.45;1.5;0.057;37.0;11.1;1
7.5;0.2;8.1;0.098;92.0;9.2;0
7.2;0.26;1.8;0.083;75.0;9.5;1
8.0;0.33;2.7;0.088;37.0;10.7;1
7.5;0.2;8.1;0.098;92.0;9.2;0
9.1;0.34;2.0;0.071;67.0;10.2;1
9.9;0.56;2.0;0.073;8.0;11.4;1
8.6;0.65;6.4;0.08;8.0;11.0;0
8.6;0.65;6.4;0.08;8.0;11.0;0
7.9;0.68;8.3;0.05;278.0;12.3;1
10.3;0.56;1.4;0.047;8.0;11.8;1
7.9;0.68;8.3;0.05;289.0;12.3;1
7.2;0.3;1.8;0.073;70.0;9.5;1
8.7;0.45;2.4;0.072;59.0;12.0;1
7.2;0.3;1.8;0.073;70.0;9.5;1
6.8;0.08;1.8;0.074;64.0;9.6;0
8.5;0.4;4.7;0.055;9.0;11.6;1
7.9;0.42;1.6;0.057;30.0;11.2;1
11.6;0.54;1.5;0.095;41.0;9.9;1
11.6;0.54;1.5;0.095;41.0;9.9;1
10.0;0.54;1.9;0.083;74.0;11.8;1
7.9;0.42;2.0;0.086;19.0;11.4;1
7.0;0.09;2.0;0.081;16.0;11.5;1
9.2;0.36;2.2;0.079;31.0;12.0;1
6.6;0.09;5.5;0.117;17.0;10.8;1
9.4;0.47;2.5;0.087;20.0;10.5;0
6.6;0.09;5.5;0.117;17.0;10.8;1
8.6;0.38;1.5;0.096;18.0;9.4;0
8.0;0.45;2.1;0.216;16.0;12.5;1
8.6;0.38;1.5;0.096;18.0;9.4;0
8.4;0.42;2.1;0.072;36.0;12.4;1
7.4;0.27;2.1;0.071;25.0;12.0;1
6.1;0.09;1.7;0.078;30.0;11.2;1
7.4;0.27;2.1;0.071;25.0;12.0;1
8.0;0.34;2.2;0.073;25.0;12.4;1
6.3;0.28;2.1;0.048;49.0;12.8;0
8.2;0.42;1.9;0.069;17.0;12.3;1
9.1;0.41;2.0;0.068;24.0;11.7;1
8.1;0.1;3.3;0.09;13.0;9.5;0
10.8;0.43;2.1;0.171;66.0;10.8;1
8.3;0.0;1.4;0.07;14.0;10.0;1
5.4;0.27;2.0;0.092;55.0;12.3;1
7.9;0.41;1.5;0.056;35.0;11.0;1
8.9;0.39;1.6;0.074;10.0;9.5;1
5.0;0.5;4.3;0.046;80.0;13.6;1
7.0;0.07;2.5;0.091;21.0;11.3;1
7.0;0.07;2.5;0.091;21.0;11.3;1
7.0;0.07;2.5;0.091;21.0;11.3;1
7.1;0.12;2.1;0.065;24.0;13.3;1
5.6;0.0;2.5;0.066;15.0;12.9;0
7.9;0.34;2.5;0.076;17.0;13.1;1
6.6;0.0;1.8;0.062;28.0;12.3;1
6.3;0.0;1.4;0.055;33.0;12.3;1
10.7;0.37;1.9;0.081;29.0;11.2;1
6.5;0.0;2.2;0.096;13.0;11.5;0
8.8;0.35;1.7;0.055;27.0;11.3;1
5.8;0.26;1.7;0.063;11.0;13.5;1
6.3;0.0;2.9;0.072;52.0;11.5;1
10.0;0.33;2.7;0.095;89.0;10.0;0
10.5;0.35;3.3;0.092;70.0;10.5;1
9.1;0.0;1.9;0.058;10.0;10.4;1
5.9;0.21;1.7;0.045;135.0;9.5;0
7.4;0.34;1.8;0.075;38.0;13.6;1
7.2;0.07;5.5;0.089;18.0;11.2;1
8.5;0.35;1.7;0.061;15.0;11.8;1
8.0;0.43;1.7;0.067;50.0;11.9;1
10.4;0.45;2.0;0.08;13.0;11.4;1
10.4;0.45;2.0;0.08;13.0;11.4;1
7.5;0.15;3.7;0.104;94.0;9.1;0
8.2;0.24;2.0;0.079;86.0;9.5;1
7.3;0.3;1.7;0.08;79.0;9.5;1
8.2;0.32;2.5;0.08;71.0;11.0;1
6.9;0.11;2.4;0.043;12.0;11.4;1
7.0;0.3;1.8;0.065;20.0;10.0;1
7.3;0.23;2.3;0.066;70.0;10.1;0
8.2;0.43;2.5;0.076;51.0;10.4;1
7.8;0.12;1.8;0.178;21.0;9.8;1
10.0;0.45;6.2;0.071;14.0;11.8;1
7.8;0.42;2.0;0.086;21.0;11.6;1
10.0;0.47;2.0;0.061;11.0;12.0;1
8.2;0.32;2.8;0.067;12.0;12.8;1
6.1;0.23;2.5;0.044;70.0;12.5;1
8.3;0.25;2.2;0.118;38.0;9.8;0
9.6;0.35;2.1;0.083;38.0;11.1;1
6.6;0.0;2.2;0.1;63.0;11.4;1
8.3;0.25;2.2;0.118;38.0;9.8;0
8.5;0.51;1.75;0.071;88.0;11.8;1
5.1;0.18;2.1;0.042;101.0;12.9;1
6.7;0.43;2.8;0.076;54.0;10.6;1
10.2;0.43;2.2;0.11;37.0;10.8;0
10.6;0.57;2.3;0.087;20.0;11.1;1
8.8;0.43;1.4;0.076;21.0;10.2;1
8.5;0.42;2.3;0.075;19.0;11.8;1
9.0;0.24;1.7;0.078;21.0;10.0;0
9.0;0.24;1.7;0.078;21.0;10.0;0
8.5;0.5;1.9;0.369;38.0;9.4;0
9.9;0.26;2.0;0.111;60.0;10.2;0
8.2;0.39;2.5;0.074;48.0;12.4;1
6.5;0.27;2.8;0.067;44.0;12.0;1
7.6;0.29;2.3;0.086;14.0;11.5;1
9.2;0.34;1.6;0.062;12.0;10.5;1
7.1;0.0;2.2;0.078;44.0;10.8;1
9.7;0.46;2.1;0.074;16.0;12.3;1
7.6;0.31;1.7;0.079;65.0;9.5;1
7.6;0.31;1.7;0.079;65.0;9.5;1
6.5;0.0;2.2;0.095;59.0;11.5;1
6.5;0.03;5.6;0.079;47.0;11.2;0
7.1;0.0;2.4;0.052;11.0;12.7;1
5.6;0.0;2.1;0.041;78.0;11.4;0
8.2;0.33;2.4;0.076;47.0;11.0;1
8.2;0.33;2.4;0.076;47.0;11.0;1
9.8;0.43;1.65;0.068;11.0;11.4;0
10.2;0.4;2.5;0.068;54.0;10.5;1
6.8;0.07;1.6;0.07;61.0;9.3;0
6.7;0.23;2.1;0.08;119.0;10.9;0
7.0;0.3;2.0;0.085;39.0;11.9;1
6.6;0.03;7.8;0.079;12.0;12.2;0
7.0;0.3;2.0;0.085;39.0;11.9;1
6.7;0.23;2.1;0.08;119.0;10.9;0
8.8;0.05;1.8;0.075;19.0;9.6;0
9.1;0.57;4.6;0.08;20.0;12.5;1
6.5;0.0;2.3;0.166;12.0;10.8;0
7.2;0.37;2.5;0.063;41.0;12.4;1
6.4;0.0;2.3;0.166;12.0;10.8;0
7.0;0.12;1.8;0.114;64.0;9.5;1
6.2;0.22;1.8;0.078;56.0;9.5;1
7.9;0.23;2.3;0.076;94.0;9.5;1
7.7;0.21;1.5;0.069;9.0;9.8;1
7.7;0.26;2.0;0.052;77.0;10.9;1
7.9;0.23;2.3;0.076;94.0;9.5;1
7.7;0.21;1.5;0.069;9.0;9.8;1
7.9;0.36;1.9;0.065;10.0;11.2;1
8.6;0.39;1.8;0.068;12.0;11.7;1
9.9;0.19;5.8;0.111;76.0;9.4;0
7.2;0.46;2.1;0.074;44.0;11.0;1
7.2;0.46;2.1;0.074;44.0;11.0;1
7.2;0.46;2.1;0.074;44.0;11.0;1
9.9;0.55;1.7;0.136;52.0;10.0;0
7.2;0.46;2.1;0.074;44.0;11.0;1
6.2;0.43;2.0;0.071;24.0;11.2;1
6.8;0.02;2.1;0.078;15.0;10.4;1
6.6;0.15;2.1;0.076;53.0;9.3;0
6.8;0.02;2.1;0.078;15.0;10.4;1
9.6;0.42;1.9;0.071;13.0;10.5;1
10.2;0.46;1.9;0.081;9.0;10.4;1
8.8;0.46;2.1;0.095;29.0;11.3;1
7.9;0.31;2.0;0.079;79.0;9.5;1
8.2;0.37;1.9;0.057;74.0;12.0;1
8.2;0.31;1.9;0.082;24.0;10.6;1
9.0;0.4;1.3;0.044;50.0;10.9;1
10.9;0.52;1.8;0.132;44.0;11.5;1
10.9;0.52;1.8;0.132;44.0;11.5;1
8.1;0.22;2.2;0.078;89.0;9.6;1
10.5;0.47;2.2;0.074;23.0;12.0;1
12.6;0.49;2.5;0.08;20.0;10.3;1
9.2;0.23;2.6;0.091;77.0;9.4;0
7.5;0.03;4.1;0.08;46.0;9.2;0
9.0;0.25;2.0;0.104;21.0;9.6;0
5.1;0.0;1.8;0.044;88.0;13.6;1
7.6;0.29;2.1;0.075;66.0;9.5;0
7.7;0.34;2.7;0.066;58.0;11.8;1
7.8;0.01;2.6;0.074;90.0;10.8;0
7.6;0.29;2.1;0.075;66.0;9.5;0
10.2;0.37;2.2;0.057;36.0;9.3;0
7.1;0.01;2.2;0.059;18.0;12.8;1
6.0;0.32;12.9;0.054;113.0;11.5;0
7.8;0.0;1.7;0.07;17.0;9.4;1
7.1;0.01;2.2;0.059;18.0;12.8;1
8.1;0.0;2.5;0.081;24.0;9.6;0
6.5;0.0;4.3;0.057;20.0;11.8;0
7.5;0.2;1.7;0.076;60.0;9.3;0
9.8;0.39;2.5;0.079;65.0;9.8;0
9.0;0.41;2.0;0.058;40.0;12.2;1
8.3;0.22;2.4;0.082;86.0;9.5;0
5.9;0.25;13.4;0.067;160.0;10.3;1
7.4;0.19;1.8;0.082;34.0;10.5;0
7.4;0.07;1.7;0.086;48.0;10.0;0
7.4;0.19;1.8;0.082;34.0;10.5;0
6.9;0.33;2.2;0.081;36.0;11.1;1
7.1;0.01;2.3;0.079;37.0;10.9;1
7.1;0.01;2.3;0.079;37.0;10.9;1
7.5;0.14;2.2;0.077;60.0;9.8;0
7.1;0.0;1.8;0.123;14.0;9.8;0
7.9;0.0;1.4;0.096;13.0;9.5;0
7.8;0.06;1.9;0.079;35.0;10.9;0
6.1;0.02;2.4;0.069;46.0;11.0;0
7.5;0.22;1.8;0.082;60.0;9.2;0
7.0;0.28;4.8;0.085;69.0;11.0;1
6.8;0.0;2.7;0.123;33.0;11.3;1
6.8;0.0;2.7;0.123;33.0;11.3;1
8.6;0.68;1.8;0.403;56.0;9.3;0
6.3;0.0;2.0;0.083;24.0;11.2;0
9.8;0.38;2.5;0.081;66.0;9.8;0
8.2;0.0;2.2;0.089;26.0;9.6;0
8.5;0.32;1.8;0.066;51.0;11.8;1
7.2;0.05;2.3;0.081;36.0;10.3;1
7.2;0.05;2.3;0.081;36.0;10.3;1
10.4;0.5;2.3;0.068;19.0;11.4;1
6.9;0.31;2.0;0.079;51.0;9.5;1
5.5;0.03;1.8;0.044;87.0;14.0;1
5.0;0.01;1.6;0.048;60.0;14.0;1
7.3;0.2;1.6;0.049;64.0;11.7;1
5.9;0.0;1.9;0.077;44.0;11.2;0
7.5;0.2;2.0;0.073;44.0;9.3;0
7.8;0.13;2.1;0.102;36.0;11.2;1
8.0;0.22;2.3;0.075;81.0;9.5;1
8.5;0.4;6.3;0.05;10.0;12.0;0
7.0;0.0;1.9;0.114;10.0;9.7;1
8.0;0.22;2.3;0.075;81.0;9.5;1
9.8;0.39;1.7;0.062;9.0;11.5;1
7.1;0.2;1.9;0.077;54.0;10.4;1
7.1;0.2;1.9;0.077;54.0;10.4;1
7.9;0.0;2.0;0.084;22.0;10.9;1
8.7;0.28;2.7;0.096;69.0;10.2;1
7.0;0.19;2.3;0.071;36.0;10.9;0
11.3;0.5;1.8;0.09;47.0;10.5;0
7.1;0.44;2.5;0.068;31.0;12.4;1
8.0;0.08;2.6;0.056;7.0;13.0;0
7.0;0.3;4.5;0.068;110.0;10.2;0
7.0;0.3;4.5;0.068;110.0;10.2;0
7.6;0.0;1.9;0.1;12.0;11.0;0
8.2;0.1;2.1;0.073;60.0;10.9;1
5.9;0.13;2.4;0.056;28.0;12.4;1
7.5;0.0;1.9;0.084;12.0;9.7;0
8.2;0.1;2.1;0.073;60.0;10.9;1
6.6;0.0;4.3;0.093;77.5;9.5;0
6.6;0.0;4.3;0.093;77.5;9.5;0
7.2;0.14;2.1;0.064;29.0;12.1;1
5.7;0.0;1.4;0.063;18.0;12.2;1
7.6;0.0;2.1;0.137;9.0;10.9;0
5.2;0.0;2.15;0.08;28.0;12.5;1
6.7;0.07;2.0;0.1;57.0;11.7;1
9.1;0.32;2.1;0.064;15.0;11.2;1
8.0;0.44;1.8;0.081;68.0;11.2;0
7.6;0.21;2.3;0.087;68.0;9.2;0
7.5;0.26;1.9;0.073;88.0;9.8;0
9.7;0.32;2.5;0.088;91.0;10.1;0
6.8;0.09;3.9;0.068;29.0;11.1;0
9.7;0.32;2.5;0.088;91.0;10.1;0
7.0;0.1;1.4;0.071;63.0;9.2;0
7.5;0.26;1.9;0.073;88.0;9.8;0
6.5;0.15;3.0;0.064;27.0;12.8;1
8.0;0.21;1.9;0.083;41.0;10.5;0
7.0;0.21;2.3;0.086;65.0;10.1;1
7.0;0.21;2.4;0.086;69.0;10.1;1
7.5;0.27;2.0;0.083;91.0;9.8;1
5.4;0.0;1.2;0.041;46.0;12.5;1
9.9;0.46;2.2;0.091;41.0;11.9;1
7.5;0.27;2.0;0.083;91.0;9.8;1
9.1;0.68;1.7;0.414;64.0;9.1;1
9.7;0.34;2.6;0.094;88.0;10.1;0
5.0;0.0;1.2;0.041;46.0;12.5;1
9.1;0.42;1.8;0.058;18.0;11.4;0
9.1;0.39;1.8;0.06;55.0;11.0;1
6.7;0.24;1.7;0.077;34.0;10.6;1
6.7;0.24;1.7;0.077;34.0;10.6;1
6.7;0.24;1.7;0.077;34.0;10.6;1
6.7;0.24;1.7;0.077;34.0;10.6;1
6.5;0.11;1.8;0.073;38.0;9.3;0
7.4;0.26;2.1;0.083;91.0;9.8;1
7.4;0.26;2.1;0.083;91.0;9.8;1
7.8;0.26;3.8;0.107;67.0;9.2;0
8.4;0.1;1.7;0.075;25.0;9.7;1
9.1;0.22;2.2;0.079;48.0;9.6;0
7.2;0.0;2.0;0.166;11.0;10.0;0
6.6;0.02;2.4;0.069;40.0;12.6;1
6.0;0.0;1.4;0.057;26.0;9.5;0
6.0;0.0;1.4;0.057;26.0;9.5;0
6.0;0.0;1.4;0.057;26.0;9.5;0
7.5;0.02;1.7;0.084;31.0;10.5;1
7.5;0.02;1.7;0.084;31.0;10.5;1
7.5;0.02;1.7;0.084;31.0;10.5;1
7.6;0.02;1.7;0.085;31.0;10.4;1
7.5;0.02;1.7;0.084;31.0;10.5;1
11.5;0.48;2.6;0.077;20.0;11.0;0
8.2;0.24;2.3;0.063;28.0;10.2;1
6.1;0.01;2.1;0.056;13.0;11.4;0
7.2;0.03;1.8;0.078;12.0;9.5;0
7.2;0.03;1.8;0.078;12.0;9.5;0
6.9;0.0;2.8;0.081;41.0;10.8;0
9.0;0.29;2.0;0.069;73.0;10.0;0
7.2;0.01;2.3;0.065;46.0;11.8;1
7.6;0.03;1.9;0.086;57.0;10.3;0
7.6;0.03;1.9;0.086;57.0;10.3;0
7.2;0.03;2.3;0.077;28.0;10.0;0
6.1;0.25;1.8;0.086;32.0;10.1;0
6.1;0.25;1.8;0.084;28.0;10.1;0
7.3;0.24;2.5;0.078;67.0;11.1;1
7.4;0.17;5.4;0.168;98.0;9.5;0
11.6;0.4;1.4;0.091;28.0;10.0333333333333;1
9.2;0.31;2.3;0.112;38.0;10.9;0
8.3;0.14;2.5;0.093;54.0;10.1;0
11.6;0.4;1.4;0.091;28.0;10.0333333333333;1
8.0;0.27;2.0;0.08;63.0;9.8;0
7.2;0.02;1.9;0.096;31.0;11.8;1
7.8;0.09;2.2;0.115;42.0;9.5;0
7.3;0.08;1.7;0.094;45.0;9.8;0
6.9;0.3;2.2;0.088;105.0;10.5;1
8.0;0.32;2.1;0.079;74.0;9.8;1
6.6;0.0;1.6;0.069;8.0;10.4;0
8.7;0.51;1.7;0.415;66.0;9.2;0
7.5;0.56;3.1;0.153;14.0;11.6;1
8.7;0.51;1.7;0.415;66.0;9.2;0
7.7;0.27;3.8;0.11;89.0;9.3;0
6.8;0.0;1.2;0.267;29.0;9.8;0
7.2;0.26;2.0;0.083;100.0;9.9;0
8.2;0.2;1.4;0.086;31.0;10.0;0
5.2;0.26;2.3;0.09;74.0;12.2;1
7.2;0.15;2.0;0.078;28.0;9.9;1
7.5;0.02;2.6;0.077;35.0;10.8;1
7.5;0.02;2.6;0.077;35.0;10.8;1
6.8;0.09;1.8;0.074;25.0;9.6;0
8.0;0.22;2.1;0.08;105.0;9.9;0
8.0;0.22;2.1;0.08;105.0;9.9;0
7.1;0.15;1.8;0.107;84.0;9.5;0
8.0;0.25;3.4;0.076;85.0;9.2;0
7.4;0.07;1.8;0.1;23.0;9.6;0
7.4;0.07;1.8;0.1;23.0;9.6;0
6.6;0.31;6.1;0.083;49.0;10.3;0
6.7;0.02;2.2;0.08;111.0;9.7;0
6.0;0.0;2.3;0.068;33.0;12.5;1
8.0;0.22;2.4;0.094;33.0;11.0;0
7.1;0.06;1.3;0.07;12.0;9.8;0
8.0;0.25;2.0;0.078;59.0;10.2;0
6.4;0.14;3.9;0.07;73.0;9.2;0
8.6;0.1;1.6;0.092;12.0;9.55;1
8.7;0.1;1.6;0.09;11.0;9.55;0
7.3;0.26;2.0;0.08;104.0;9.9;0
7.0;0.12;2.2;0.083;28.0;10.2;1
7.2;0.0;2.2;0.068;24.0;11.1;1
7.9;0.21;2.1;0.08;141.0;9.9;0
7.9;0.21;2.1;0.08;141.0;9.9;0
7.6;0.42;2.0;0.052;24.0;11.9;1
7.2;0.33;1.7;0.061;13.0;10.0;1
8.0;0.39;2.6;0.082;46.0;10.7;1
7.7;0.3;2.0;0.062;34.0;11.3;1
8.2;0.34;5.1;0.062;22.0;10.9;1
6.0;0.0;2.1;0.064;54.0;10.7;1
8.1;0.36;2.2;0.048;53.0;12.4;1
6.0;0.0;2.1;0.064;54.0;10.7;1
6.6;0.0;1.8;0.082;16.0;11.9;1
6.4;0.4;2.4;0.071;19.0;10.6;1
8.2;0.34;5.1;0.062;22.0;10.9;1
9.9;0.25;2.0;0.104;89.0;10.1;0
10.0;0.59;2.2;0.077;15.0;9.6;0
6.2;0.0;1.6;0.065;18.0;9.4;0
10.0;0.59;2.2;0.077;15.0;9.6;0
7.3;0.33;2.5;0.064;37.0;12.1;1
7.8;0.01;1.6;0.077;19.0;9.8;0
7.7;0.21;2.2;0.077;133.0;9.9;0
7.8;0.01;1.6;0.077;19.0;9.8;0
7.5;0.18;1.6;0.079;58.0;9.4;0
7.0;0.0;2.1;0.079;55.0;11.4;1
6.4;0.09;3.9;0.123;31.0;11.0;0
8.3;0.37;1.4;0.076;23.0;9.6;1
8.3;0.37;1.4;0.076;23.0;9.6;1
7.7;0.37;1.8;0.046;60.0;12.1;1
7.6;0.33;2.5;0.078;23.0;11.2;0
7.8;0.0;1.9;0.072;55.0;11.0;0
7.9;0.4;2.2;0.049;67.0;11.3;0
7.4;0.24;1.8;0.066;47.0;10.4;0
7.6;0.31;2.1;0.069;74.0;9.9;1
5.9;0.0;1.6;0.042;11.0;11.7;1
6.1;0.16;1.8;0.069;25.0;10.1;1
10.2;0.37;15.4;0.214;95.0;9.0;1
10.2;0.37;15.4;0.214;95.0;9.0;1
10.0;0.38;1.6;0.169;90.0;8.5;0
6.8;0.29;4.8;0.07;39.0;11.1;0
7.0;0.0;1.7;0.052;8.0;10.3;0
7.3;0.02;2.2;0.072;92.0;11.0666666666667;1
7.2;0.32;2.0;0.062;28.0;11.3;1
7.4;0.19;5.2;0.094;98.0;9.56666666666667;1
6.9;0.02;1.9;0.078;30.0;9.8;0
6.9;0.2;1.75;0.058;22.0;11.7;0
7.3;0.02;2.2;0.072;92.0;11.1;1
7.4;0.19;5.2;0.094;98.0;9.6;1
6.9;0.02;1.9;0.078;30.0;9.8;0
6.8;0.0;1.9;0.08;39.0;9.7;0
6.9;0.01;1.9;0.08;54.0;9.7;0
7.2;0.31;2.0;0.056;29.0;11.3;1
7.2;0.32;2.0;0.062;28.0;11.3;1
7.8;0.44;2.7;0.104;17.0;11.0;1
6.6;0.02;2.0;0.062;53.0;11.6;1
7.6;0.33;1.9;0.074;85.0;9.0;0
11.7;0.63;2.2;0.073;23.0;10.9;1
6.5;0.0;1.6;0.052;17.0;10.9;1
6.0;0.06;1.8;0.05;89.0;10.55;1
7.6;0.33;1.9;0.074;85.0;9.0;0
8.4;0.4;1.7;0.067;20.0;10.5;0
7.9;0.35;1.7;0.054;15.0;11.9;1
6.4;0.09;2.3;0.054;64.0;10.4;1
6.2;0.0;2.1;0.06;13.0;10.0;0
6.8;0.03;2.3;0.075;31.0;10.4;1
6.9;0.01;2.4;0.076;39.0;10.8;1
6.8;0.1;1.7;0.063;53.0;9.7;0
6.8;0.1;1.7;0.063;53.0;9.7;0
7.3;0.32;2.1;0.062;54.0;10.0;1
6.7;0.08;2.3;0.067;32.0;11.0;0
7.3;0.32;2.1;0.062;54.0;10.0;1
7.3;0.05;2.1;0.061;49.0;9.7;0
10.0;0.11;1.4;0.084;24.0;9.7;0
6.7;0.08;3.75;0.067;16.0;12.6;0
7.6;0.6;2.6;0.073;44.0;11.1;1
6.1;0.08;1.8;0.071;45.0;11.0;0
9.9;0.5;13.8;0.205;82.0;8.8;0
5.3;0.11;2.2;0.048;89.0;13.5666666666667;1
9.9;0.5;13.8;0.205;82.0;8.8;0
5.3;0.11;2.2;0.048;89.0;13.6;1
7.1;0.05;5.7;0.082;14.0;10.2;0
8.2;0.6;3.0;0.104;22.0;10.6;0
5.6;0.03;1.5;0.08;13.0;10.1;0
8.2;0.6;3.0;0.104;22.0;10.6;0
7.2;0.54;2.1;0.114;9.0;10.3;0
8.1;0.44;1.5;0.042;12.0;10.7;0
6.8;0.06;2.0;0.06;11.0;10.9;0
7.0;0.16;2.1;0.074;25.0;9.7;0
6.8;0.21;2.1;0.07;23.0;10.3;0
6.0;0.05;1.9;0.066;17.0;10.6;0
5.6;0.04;1.7;0.049;13.0;11.4;0
6.2;0.1;2.1;0.048;11.0;10.8;1
7.1;0.49;1.8;0.039;18.0;12.4;1
5.6;0.04;1.7;0.049;13.0;11.4;0
6.2;0.06;1.6;0.05;18.0;11.95;0
7.7;0.26;1.9;0.089;147.0;9.7;0
6.4;0.09;1.4;0.066;28.0;10.0;1
7.0;0.02;1.9;0.08;28.0;10.6;1
7.7;0.26;1.9;0.089;147.0;9.7;0
6.9;0.03;2.3;0.054;16.0;11.5;1
6.6;0.04;2.3;0.068;13.0;10.8;1
6.9;0.03;2.3;0.054;16.0;11.5;1
7.5;0.04;1.5;0.076;15.0;9.6;0
7.8;0.29;4.3;0.083;64.0;9.4;0
7.3;0.18;2.4;0.078;60.0;9.8;0
6.2;0.39;2.5;0.077;14.0;11.0;1
7.5;0.57;2.3;0.106;12.0;11.4;1
6.7;0.02;1.8;0.078;12.0;9.95;0
6.8;0.05;2.0;0.07;14.0;10.8;1
7.5;0.57;2.3;0.106;12.0;11.4;1
7.1;0.6;2.1;0.074;25.0;10.6;1
7.9;0.4;1.8;0.062;20.0;11.1;0
6.4;0.21;2.2;0.047;48.0;9.7;1
7.1;0.04;2.1;0.068;27.0;9.8;0
6.4;0.04;2.2;0.061;17.0;10.4;1
6.4;0.15;1.8;0.078;65.0;10.5;1
6.9;0.21;4.1;0.074;65.0;9.23333333333333;1
6.9;0.21;4.1;0.074;65.0;9.25;1
6.1;0.25;2.3;0.071;58.0;10.6;0
6.5;0.06;2.0;0.063;44.0;10.3;1
7.4;0.46;2.2;0.114;20.0;10.5;0
6.6;0.08;2.6;0.106;27.0;10.2;0
6.5;0.06;2.0;0.063;44.0;10.3;1
6.9;0.2;1.9;0.082;23.0;9.05;0
6.1;0.25;2.3;0.071;58.0;10.6;0
6.8;0.25;2.0;0.076;61.0;10.4;0
6.0;0.19;2.0;0.075;47.0;10.0;1
6.7;0.08;2.1;0.064;34.0;9.7;0
6.8;0.08;2.2;0.064;38.0;9.6;1
7.1;0.07;1.7;0.071;24.0;10.8;1
7.9;0.49;2.2;0.096;59.0;10.1;1
7.1;0.08;2.1;0.063;52.0;10.2;1
6.6;0.09;2.2;0.063;18.0;11.3;1
6.1;0.1;2.8;0.081;28.0;10.2;0
7.2;0.13;2.0;0.058;22.0;9.9;1
8.0;0.3;1.9;0.074;84.0;9.0;0
6.6;0.14;2.4;0.064;29.0;11.7;1
7.0;0.13;2.2;0.075;35.0;9.7;1
6.1;0.08;1.9;0.077;45.0;10.3;1
5.4;0.08;1.9;0.059;31.0;10.2;1
6.2;0.09;2.5;0.081;26.0;12.0;0
7.2;0.32;1.8;0.065;60.0;9.9;0
6.2;0.08;4.4;0.071;32.0;11.6;1
7.4;0.29;2.2;0.054;49.0;10.9;1
6.7;0.02;1.9;0.064;38.0;10.75;1
11.1;0.42;2.2;0.064;19.0;10.4;1
8.4;0.43;2.3;0.063;19.0;11.2;1
6.5;0.33;1.8;0.059;28.0;10.1;1
7.0;0.02;2.0;0.072;26.0;10.2;0
6.3;0.1;1.6;0.048;26.0;12.1;0
11.2;0.5;2.0;0.099;50.0;10.4;0
7.4;0.3;1.8;0.074;24.0;11.4;1
7.1;0.0;2.3;0.087;26.0;9.5;0
7.1;0.0;2.3;0.083;27.0;9.4;0
6.3;0.01;3.7;0.103;54.0;11.3;1
7.3;0.0;2.2;0.08;28.0;9.4;0
6.6;0.02;2.4;0.062;23.0;11.0;1
7.0;0.17;1.7;0.065;24.0;10.55;1
6.6;0.04;2.2;0.066;20.0;9.9;0
6.6;0.02;2.4;0.062;23.0;11.0;1
6.9;0.33;6.7;0.235;115.0;9.5;0
7.8;0.26;2.0;0.08;131.0;9.9;0
7.8;0.26;2.0;0.08;131.0;9.9;0
7.8;0.26;2.0;0.08;131.0;9.9;0
7.2;0.13;2.0;0.076;20.0;10.1;0
7.2;0.13;2.0;0.076;20.0;10.1;0
7.2;0.13;2.0;0.076;20.0;10.1;0
6.7;0.02;1.9;0.061;42.0;10.9;1
6.7;0.64;2.1;0.059;52.0;11.2;1
7.2;0.13;2.0;0.076;20.0;10.1;0
7.0;0.13;1.6;0.077;42.0;9.2;0
6.2;0.14;1.9;0.056;34.0;11.5;1
6.4;0.53;2.2;0.23;35.0;12.4;1
6.4;0.14;2.2;0.038;25.0;11.1;1
7.3;0.32;2.2;0.069;104.0;9.5;0
6.0;0.2;2.4;0.075;50.0;12.5;1
5.6;0.78;13.9;0.074;92.0;10.5;1
7.5;0.4;2.2;0.06;20.0;11.8;1
8.0;0.63;1.6;0.081;29.0;10.8;1
6.2;0.15;5.1;0.076;27.0;11.9;1
6.8;0.15;1.8;0.118;20.0;11.3;1
6.2;0.09;1.7;0.053;32.0;11.3;0
7.4;0.33;2.4;0.068;26.0;11.9;1
6.2;0.09;1.7;0.053;32.0;11.3;0
6.1;0.1;2.6;0.053;27.0;11.9;0
6.2;0.29;2.1;0.074;98.0;9.8;0
6.7;0.44;2.4;0.061;34.0;11.6;1
7.2;0.44;2.6;0.066;48.0;11.5;1
7.5;0.41;2.4;0.065;60.0;11.4;1
5.8;0.11;1.8;0.066;28.0;10.9;1
7.2;0.33;2.5;0.068;102.0;12.8;1
6.6;0.2;7.8;0.073;79.0;9.2;0
6.3;0.15;1.8;0.077;35.0;11.6;1
5.4;0.09;1.7;0.089;26.0;11.6;1
6.3;0.13;2.3;0.076;40.0;11.0;1
6.8;0.08;1.9;0.068;38.0;9.5;1
6.2;0.08;2.0;0.09;44.0;10.5;0
5.9;0.1;2.2;0.062;51.0;11.2;1
6.3;0.13;2.3;0.076;40.0;11.0;1
5.9;0.12;2.0;0.075;44.0;10.2;0
6.0;0.47;3.6;0.067;42.0;11.0;1
